{
  "temperature": 0.8,
  "downfall": 0.4,
  "has_precipitation": true,
  "effects": {
    "sky_color": 5704459,
    "fog_color": 3080963,
    "water_color": 7697781,
    "water_fog_color": 6579043,
    "grass_color": 10563632,
    "foliage_color": 7216927
  },
  "spawners": {},
  "spawn_costs": {},
  "carvers": {
    "air": [
      "minecraft:cave"
    ]
  },
  "features": [
    [],
    [],
    [],
    [],
    [],
    [],
    [],
    [],
    [],
    [
      "minecraft:glow_lichen",
      "minecraft:trees_plains",
      "minecraft:patch_grass_plain",
      "minecraft:patch_sugar_cane",
      "minecraft:ore_coal_upper",
      "minecraft:ore_coal_lower",
      "minecraft:ore_iron_upper",
      "minecraft:ore_iron_middle",
      "minecraft:ore_iron_small",
      "minecraft:ore_gold",
      "minecraft:ore_gold_lower",
      "minecraft:ore_redstone",
      "minecraft:ore_redstone_lower",
      "minecraft:ore_diamond",
      "minecraft:ore_diamond_large",
      "minecraft:ore_diamond_buried",
      "minecraft:ore_lapis",
      "minecraft:ore_lapis_buried",
      "minecraft:ore_copper",
      "minecraft:disk_gravel",
      "minecraft:disk_clay",
      "minecraft:disk_sand"
    ],
    []
  ]
}
